cell_id,site_id,region,city,technology,band,bandwidth_mhz,vendor,latitude,longitude,azimuth,cell_status
CELL_001_1,SITE_001,South,Bangalore,4G,B40,10,Ericsson,12.895602,77.558605,0,ACTIVE
CELL_001_2,SITE_001,South,Bangalore,4G,B8,10,Nokia,12.895602,77.558605,120,ACTIVE
CELL_001_3,SITE_001,South,Bangalore,4G,B3,20,Nokia,12.895602,77.558605,240,ACTIVE
CELL_002_1,SITE_002,North,Delhi,4G,B3,10,Ericsson,28.601023,77.200873,0,ACTIVE
CELL_002_2,SITE_002,North,Delhi,4G,B8,10,Nokia,28.601023,77.200873,120,ACTIVE
CELL_002_3,SITE_002,North,Delhi,5G,n78,80,Ericsson,28.601023,77.200873,240,ACTIVE
CELL_003_1,SITE_003,North,Delhi,4G,B8,20,Nokia,28.553872,77.276567,0,ACTIVE
CELL_003_2,SITE_003,North,Delhi,4G,B40,10,Nokia,28.553872,77.276567,120,ACTIVE
CELL_003_3,SITE_003,North,Delhi,4G,B3,10,Ericsson,28.553872,77.276567,240,ACTIVE
CELL_004_1,SITE_004,West,Mumbai,4G,B3,20,Nokia,19.09771,72.856073,0,ACTIVE
CELL_004_2,SITE_004,West,Mumbai,4G,B40,20,Nokia,19.09771,72.856073,120,ACTIVE
CELL_004_3,SITE_004,West,Mumbai,4G,B8,15,Samsung,19.09771,72.856073,240,ACTIVE
CELL_005_1,SITE_005,North,Delhi,5G,n78,40,Nokia,28.569038,77.180885,0,ACTIVE
CELL_005_2,SITE_005,North,Delhi,4G,B8,10,Nokia,28.569038,77.180885,120,ACTIVE
CELL_005_3,SITE_005,North,Delhi,5G,n78,80,Nokia,28.569038,77.180885,240,ACTIVE
CELL_006_1,SITE_006,West,Mumbai,5G,n78,80,Ericsson,19.018859,72.820041,0,ACTIVE
CELL_006_2,SITE_006,West,Mumbai,4G,B8,10,Samsung,19.018859,72.820041,120,ACTIVE
CELL_006_3,SITE_006,West,Mumbai,4G,B3,10,Nokia,19.018859,72.820041,240,ACTIVE
CELL_007_1,SITE_007,West,Mumbai,4G,B8,20,Nokia,19.091425,72.859263,0,ACTIVE
CELL_007_2,SITE_007,West,Mumbai,5G,n78,40,Ericsson,19.091425,72.859263,120,ACTIVE
CELL_007_3,SITE_007,West,Mumbai,4G,B40,15,Nokia,19.091425,72.859263,240,ACTIVE
CELL_008_1,SITE_008,West,Mumbai,5G,n78,60,Nokia,18.996519,72.913235,0,ACTIVE
CELL_008_2,SITE_008,West,Mumbai,4G,B40,20,Nokia,18.996519,72.913235,120,ACTIVE
CELL_008_3,SITE_008,West,Mumbai,5G,n78,40,Nokia,18.996519,72.913235,240,ACTIVE
CELL_009_1,SITE_009,South,Bangalore,5G,n78,80,Nokia,13.040256,77.655196,0,ACTIVE
CELL_009_2,SITE_009,South,Bangalore,4G,B3,10,Ericsson,13.040256,77.655196,120,ACTIVE
CELL_009_3,SITE_009,South,Bangalore,5G,n78,60,Nokia,13.040256,77.655196,240,ACTIVE
CELL_010_1,SITE_010,North,Delhi,4G,B3,20,Ericsson,28.56032,77.213428,0,ACTIVE
CELL_010_2,SITE_010,North,Delhi,5G,n78,100,Samsung,28.56032,77.213428,120,ACTIVE
CELL_010_3,SITE_010,North,Delhi,4G,B40,15,Nokia,28.56032,77.213428,240,ACTIVE
CELL_011_1,SITE_011,South,Chennai,4G,B3,10,Ericsson,13.006065,80.279327,0,ACTIVE
CELL_011_2,SITE_011,South,Chennai,4G,B3,15,Nokia,13.006065,80.279327,120,ACTIVE
CELL_011_3,SITE_011,South,Chennai,5G,n78,60,Nokia,13.006065,80.279327,240,ACTIVE
CELL_012_1,SITE_012,North,Delhi,4G,B8,10,Nokia,28.626094,77.16788,0,ACTIVE
CELL_012_2,SITE_012,North,Delhi,4G,B8,15,Ericsson,28.626094,77.16788,120,ACTIVE
CELL_012_3,SITE_012,North,Delhi,5G,n78,40,Nokia,28.626094,77.16788,240,ACTIVE
CELL_013_1,SITE_013,South,Bangalore,4G,B8,10,Nokia,12.931385,77.545033,0,ACTIVE
CELL_013_2,SITE_013,South,Bangalore,5G,n78,100,Ericsson,12.931385,77.545033,120,ACTIVE
CELL_013_3,SITE_013,South,Bangalore,4G,B40,20,Ericsson,12.931385,77.545033,240,LOCKED
CELL_014_1,SITE_014,South,Hyderabad,4G,B8,10,Nokia,17.33161,78.484403,0,ACTIVE
CELL_014_2,SITE_014,South,Hyderabad,4G,B8,15,Nokia,17.33161,78.484403,120,ACTIVE
CELL_014_3,SITE_014,South,Hyderabad,5G,n78,100,Nokia,17.33161,78.484403,240,ACTIVE
CELL_015_1,SITE_015,South,Bangalore,5G,n78,40,Nokia,12.984269,77.601351,0,ACTIVE
CELL_015_2,SITE_015,South,Bangalore,5G,n78,60,Nokia,12.984269,77.601351,120,ACTIVE
CELL_015_3,SITE_015,South,Bangalore,5G,n78,40,Nokia,12.984269,77.601351,240,ACTIVE
CELL_016_1,SITE_016,South,Hyderabad,4G,B40,20,Nokia,17.369604,78.557355,0,ACTIVE
CELL_016_2,SITE_016,South,Hyderabad,5G,n78,80,Samsung,17.369604,78.557355,120,ACTIVE
CELL_016_3,SITE_016,South,Hyderabad,5G,n78,60,Nokia,17.369604,78.557355,240,ACTIVE
CELL_017_1,SITE_017,South,Chennai,5G,n78,40,Nokia,13.075856,80.339343,0,MAINTENANCE
CELL_017_2,SITE_017,South,Chennai,5G,n78,40,Nokia,13.075856,80.339343,120,ACTIVE
CELL_017_3,SITE_017,South,Chennai,4G,B8,10,Ericsson,13.075856,80.339343,240,ACTIVE
CELL_018_1,SITE_018,South,Hyderabad,4G,B40,20,Nokia,17.37511,78.493615,0,ACTIVE
CELL_018_2,SITE_018,South,Hyderabad,4G,B40,10,Samsung,17.37511,78.493615,120,ACTIVE
CELL_018_3,SITE_018,South,Hyderabad,4G,B3,20,Nokia,17.37511,78.493615,240,ACTIVE
CELL_019_1,SITE_019,North,Delhi,5G,n78,80,Nokia,28.567601,77.183861,0,ACTIVE
CELL_019_2,SITE_019,North,Delhi,5G,n78,40,Nokia,28.567601,77.183861,120,ACTIVE
CELL_019_3,SITE_019,North,Delhi,4G,B3,15,Ericsson,28.567601,77.183861,240,ACTIVE
CELL_020_1,SITE_020,South,Chennai,5G,n78,40,Nokia,13.028553,80.261394,0,ACTIVE
CELL_020_2,SITE_020,South,Chennai,5G,n78,60,Nokia,13.028553,80.261394,120,ACTIVE
CELL_020_3,SITE_020,South,Chennai,4G,B3,15,Nokia,13.028553,80.261394,240,ACTIVE
CELL_021_1,SITE_021,South,Bangalore,4G,B3,15,Ericsson,13.035428,77.548212,0,ACTIVE
CELL_021_2,SITE_021,South,Bangalore,4G,B40,20,Nokia,13.035428,77.548212,120,ACTIVE
CELL_021_3,SITE_021,South,Bangalore,5G,n78,60,Ericsson,13.035428,77.548212,240,ACTIVE
CELL_022_1,SITE_022,South,Chennai,5G,n78,60,Nokia,13.127882,80.256574,0,ACTIVE
CELL_022_2,SITE_022,South,Chennai,4G,B3,15,Nokia,13.127882,80.256574,120,ACTIVE
CELL_022_3,SITE_022,South,Chennai,4G,B8,10,Nokia,13.127882,80.256574,240,ACTIVE
CELL_023_1,SITE_023,West,Mumbai,5G,n78,80,Nokia,19.048522,72.935996,0,ACTIVE
CELL_023_2,SITE_023,West,Mumbai,5G,n78,80,Samsung,19.048522,72.935996,120,ACTIVE
CELL_023_3,SITE_023,West,Mumbai,5G,n78,60,Nokia,19.048522,72.935996,240,MAINTENANCE
CELL_024_1,SITE_024,South,Bangalore,5G,n78,80,Nokia,12.908944,77.58413,0,MAINTENANCE
CELL_024_2,SITE_024,South,Bangalore,4G,B40,10,Nokia,12.908944,77.58413,120,ACTIVE
CELL_024_3,SITE_024,South,Bangalore,4G,B40,20,Ericsson,12.908944,77.58413,240,ACTIVE
CELL_025_1,SITE_025,South,Hyderabad,5G,n78,80,Nokia,17.363275,78.417896,0,ACTIVE
CELL_025_2,SITE_025,South,Hyderabad,4G,B8,20,Nokia,17.363275,78.417896,120,ACTIVE
CELL_025_3,SITE_025,South,Hyderabad,4G,B8,20,Nokia,17.363275,78.417896,240,ACTIVE
CELL_026_1,SITE_026,West,Mumbai,4G,B8,15,Nokia,19.104371,72.942149,0,ACTIVE
CELL_026_2,SITE_026,West,Mumbai,4G,B8,20,Nokia,19.104371,72.942149,120,ACTIVE
CELL_026_3,SITE_026,West,Mumbai,4G,B40,10,Nokia,19.104371,72.942149,240,ACTIVE
CELL_027_1,SITE_027,South,Hyderabad,5G,n78,80,Nokia,17.410416,78.452106,0,ACTIVE
CELL_027_2,SITE_027,South,Hyderabad,4G,B8,10,Ericsson,17.410416,78.452106,120,ACTIVE
CELL_027_3,SITE_027,South,Hyderabad,4G,B8,20,Ericsson,17.410416,78.452106,240,ACTIVE
CELL_028_1,SITE_028,West,Mumbai,5G,n78,100,Nokia,19.137782,72.889807,0,ACTIVE
CELL_028_2,SITE_028,West,Mumbai,5G,n78,40,Ericsson,19.137782,72.889807,120,ACTIVE
CELL_028_3,SITE_028,West,Mumbai,5G,n78,100,Nokia,19.137782,72.889807,240,ACTIVE
CELL_029_1,SITE_029,North,Delhi,5G,n78,40,Nokia,28.608228,77.218185,0,ACTIVE
CELL_029_2,SITE_029,North,Delhi,5G,n78,80,Samsung,28.608228,77.218185,120,ACTIVE
CELL_029_3,SITE_029,North,Delhi,4G,B40,20,Nokia,28.608228,77.218185,240,ACTIVE
CELL_030_1,SITE_030,West,Mumbai,4G,B8,10,Ericsson,19.139553,72.916685,0,ACTIVE
CELL_030_2,SITE_030,West,Mumbai,5G,n78,100,Nokia,19.139553,72.916685,120,ACTIVE
CELL_030_3,SITE_030,West,Mumbai,4G,B8,10,Nokia,19.139553,72.916685,240,ACTIVE
CELL_031_1,SITE_031,North,Delhi,4G,B3,20,Nokia,28.546792,77.153133,0,ACTIVE
CELL_031_2,SITE_031,North,Delhi,4G,B8,15,Nokia,28.546792,77.153133,120,ACTIVE
CELL_031_3,SITE_031,North,Delhi,4G,B40,20,Nokia,28.546792,77.153133,240,ACTIVE
CELL_032_1,SITE_032,North,Delhi,4G,B8,15,Nokia,28.594761,77.129943,0,ACTIVE
CELL_032_2,SITE_032,North,Delhi,5G,n78,60,Nokia,28.594761,77.129943,120,ACTIVE
CELL_032_3,SITE_032,North,Delhi,4G,B8,15,Ericsson,28.594761,77.129943,240,ACTIVE
CELL_033_1,SITE_033,South,Hyderabad,5G,n78,40,Samsung,17.439481,78.553827,0,ACTIVE
CELL_033_2,SITE_033,South,Hyderabad,5G,n78,40,Nokia,17.439481,78.553827,120,ACTIVE
CELL_033_3,SITE_033,South,Hyderabad,4G,B3,15,Nokia,17.439481,78.553827,240,ACTIVE
CELL_034_1,SITE_034,South,Chennai,4G,B8,15,Ericsson,13.0567,80.331442,0,ACTIVE
CELL_034_2,SITE_034,South,Chennai,5G,n78,40,Samsung,13.0567,80.331442,120,ACTIVE
CELL_034_3,SITE_034,South,Chennai,5G,n78,40,Ericsson,13.0567,80.331442,240,ACTIVE
CELL_035_1,SITE_035,South,Hyderabad,4G,B8,20,Nokia,17.439277,78.506114,0,ACTIVE
CELL_035_2,SITE_035,South,Hyderabad,4G,B8,15,Nokia,17.439277,78.506114,120,ACTIVE
CELL_035_3,SITE_035,South,Hyderabad,5G,n78,40,Ericsson,17.439277,78.506114,240,ACTIVE
CELL_036_1,SITE_036,South,Chennai,4G,B40,15,Nokia,13.019996,80.194809,0,ACTIVE
CELL_036_2,SITE_036,South,Chennai,4G,B40,20,Nokia,13.019996,80.194809,120,ACTIVE
CELL_036_3,SITE_036,South,Chennai,4G,B40,20,Ericsson,13.019996,80.194809,240,ACTIVE
CELL_037_1,SITE_037,North,Delhi,4G,B8,10,Nokia,28.659122,77.184553,0,ACTIVE
CELL_037_2,SITE_037,North,Delhi,5G,n78,100,Nokia,28.659122,77.184553,120,LOCKED
CELL_037_3,SITE_037,North,Delhi,4G,B8,20,Nokia,28.659122,77.184553,240,ACTIVE
CELL_038_1,SITE_038,North,Delhi,5G,n78,100,Nokia,28.688376,77.172213,0,ACTIVE
CELL_038_2,SITE_038,North,Delhi,4G,B8,10,Ericsson,28.688376,77.172213,120,ACTIVE
CELL_038_3,SITE_038,North,Delhi,5G,n78,60,Ericsson,28.688376,77.172213,240,ACTIVE
CELL_039_1,SITE_039,West,Mumbai,4G,B8,10,Nokia,19.049823,72.876789,0,ACTIVE
CELL_039_2,SITE_039,West,Mumbai,4G,B40,20,Ericsson,19.049823,72.876789,120,ACTIVE
CELL_039_3,SITE_039,West,Mumbai,4G,B3,10,Nokia,19.049823,72.876789,240,ACTIVE
CELL_040_1,SITE_040,North,Delhi,4G,B8,15,Ericsson,28.655206,77.239497,0,ACTIVE
CELL_040_2,SITE_040,North,Delhi,4G,B40,10,Nokia,28.655206,77.239497,120,ACTIVE
CELL_040_3,SITE_040,North,Delhi,4G,B40,15,Nokia,28.655206,77.239497,240,ACTIVE
