change_id,timestamp,cell_id,site_id,parameter_name,old_value,new_value,changed_by
CHG_00011,2026-08-01 00:56:00,CELL_002_1,SITE_002,qrxlevmin_dbm,18.72,19.71,RAN_ENGINEER
CHG_00119,2026-08-01 02:40:00,CELL_017_3,SITE_017,handover_margin_db,3.93,2.73,SON_PLATFORM
CHG_00063,2026-08-01 05:32:00,CELL_010_1,SITE_010,antenna_tilt_deg,8.94,6.21,RAN_ENGINEER
CHG_00115,2026-08-01 07:13:00,CELL_016_3,SITE_016,handover_margin_db,8.78,11.27,RAN_ENGINEER
CHG_00220,2026-08-01 08:35:00,CELL_032_1,SITE_032,max_connected_users,18.29,17.65,RAN_ENGINEER
CHG_00270,2026-08-01 22:24:00,CELL_039_1,SITE_039,handover_margin_db,17.19,15.17,RAN_ENGINEER
CHG_00103,2026-08-02 03:05:00,CELL_015_1,SITE_015,tx_power_dbm,8.63,10.68,RAN_ENGINEER
CHG_00227,2026-08-02 05:52:00,CELL_032_3,SITE_032,max_connected_users,15.48,16.33,OSS_AUTOMATION
CHG_00049,2026-08-02 07:44:00,CELL_007_3,SITE_007,cell_reselection_offset_db,10.22,7.92,OSS_AUTOMATION
CHG_00169,2026-08-02 10:30:00,CELL_026_1,SITE_026,handover_margin_db,19.82,22.1,OSS_AUTOMATION
CHG_00056,2026-08-02 11:03:00,CELL_009_1,SITE_009,cell_reselection_offset_db,14.15,11.51,OSS_AUTOMATION
CHG_00223,2026-08-02 13:00:00,CELL_032_2,SITE_032,max_connected_users,6.21,3.69,RAN_ENGINEER
CHG_00152,2026-08-02 20:21:00,CELL_023_2,SITE_023,antenna_tilt_deg,2.56,2.52,RAN_ENGINEER
CHG_00257,2026-08-02 20:33:00,CELL_037_1,SITE_037,max_connected_users,9.39,12.32,SON_PLATFORM
CHG_00075,2026-08-02 20:38:00,CELL_011_3,SITE_011,antenna_tilt_deg,7.95,6.0,SON_PLATFORM
CHG_00251,2026-08-03 00:14:00,CELL_036_2,SITE_036,tx_power_dbm,19.59,19.59,RAN_ENGINEER
CHG_00280,2026-08-03 04:07:00,CELL_040_3,SITE_040,antenna_tilt_deg,11.47,13.97,SON_PLATFORM
CHG_00127,2026-08-03 05:12:00,CELL_018_3,SITE_018,tx_power_dbm,6.51,6.69,OSS_AUTOMATION
CHG_00164,2026-08-03 09:43:00,CELL_025_2,SITE_025,handover_margin_db,16.78,16.77,OSS_AUTOMATION
CHG_00217,2026-08-03 11:43:00,CELL_031_3,SITE_031,handover_margin_db,14.12,15.85,OSS_AUTOMATION
CHG_00016,2026-08-03 12:17:00,CELL_003_2,SITE_003,max_connected_users,13.01,15.76,OSS_AUTOMATION
CHG_00206,2026-08-03 12:25:00,CELL_030_3,SITE_030,handover_margin_db,17.33,14.83,SON_PLATFORM
CHG_00179,2026-08-03 13:39:00,CELL_027_2,SITE_027,tx_power_dbm,13.56,12.05,SON_PLATFORM
CHG_00288,2026-08-03 19:30:00,CELL_003_3,SITE_003,handover_margin_db,3.0,8.0,RAN_ENGINEER
CHG_00088,2026-08-03 20:45:00,CELL_013_1,SITE_013,cell_reselection_offset_db,1.42,3.23,SON_PLATFORM
CHG_00207,2026-08-03 21:26:00,CELL_030_3,SITE_030,tx_power_dbm,18.11,17.55,RAN_ENGINEER
CHG_00114,2026-08-04 00:12:00,CELL_016_3,SITE_016,tx_power_dbm,18.73,19.27,RAN_ENGINEER
CHG_00076,2026-08-04 01:11:00,CELL_011_3,SITE_011,qrxlevmin_dbm,11.65,13.29,OSS_AUTOMATION
CHG_00006,2026-08-04 03:48:00,CELL_001_3,SITE_001,max_connected_users,10.34,12.91,SON_PLATFORM
CHG_00084,2026-08-04 12:02:00,CELL_012_2,SITE_012,tx_power_dbm,3.08,1.74,SON_PLATFORM
CHG_00139,2026-08-04 13:51:00,CELL_020_3,SITE_020,cell_reselection_offset_db,9.07,10.65,OSS_AUTOMATION
CHG_00073,2026-08-04 16:25:00,CELL_011_2,SITE_011,qrxlevmin_dbm,12.79,11.8,OSS_AUTOMATION
CHG_00264,2026-08-04 16:32:00,CELL_038_2,SITE_038,handover_margin_db,9.74,10.99,RAN_ENGINEER
CHG_00106,2026-08-04 19:18:00,CELL_015_2,SITE_015,handover_margin_db,11.23,10.9,SON_PLATFORM
CHG_00020,2026-08-04 20:41:00,CELL_003_3,SITE_003,max_connected_users,17.82,17.45,OSS_AUTOMATION
CHG_00221,2026-08-05 02:34:00,CELL_032_1,SITE_032,tx_power_dbm,18.79,20.33,RAN_ENGINEER
CHG_00210,2026-08-05 02:34:00,CELL_031_1,SITE_031,max_connected_users,5.52,3.25,RAN_ENGINEER
CHG_00067,2026-08-05 03:06:00,CELL_010_3,SITE_010,qrxlevmin_dbm,1.3,2.31,OSS_AUTOMATION
CHG_00259,2026-08-05 06:12:00,CELL_037_2,SITE_037,tx_power_dbm,4.87,3.57,OSS_AUTOMATION
CHG_00262,2026-08-05 07:00:00,CELL_037_3,SITE_037,max_connected_users,17.86,15.02,SON_PLATFORM
CHG_00273,2026-08-05 08:58:00,CELL_039_2,SITE_039,tx_power_dbm,16.81,16.89,RAN_ENGINEER
CHG_00166,2026-08-05 09:13:00,CELL_025_3,SITE_025,antenna_tilt_deg,15.44,16.41,SON_PLATFORM
CHG_00178,2026-08-05 10:19:00,CELL_027_2,SITE_027,max_connected_users,9.13,12.08,RAN_ENGINEER
CHG_00065,2026-08-05 11:02:00,CELL_010_1,SITE_010,qrxlevmin_dbm,9.6,8.04,SON_PLATFORM
CHG_00147,2026-08-05 11:47:00,CELL_022_3,SITE_022,qrxlevmin_dbm,18.56,21.08,SON_PLATFORM
CHG_00036,2026-08-05 13:11:00,CELL_006_1,SITE_006,cell_reselection_offset_db,16.03,16.82,RAN_ENGINEER
CHG_00009,2026-08-05 16:49:00,CELL_002_1,SITE_002,tx_power_dbm,1.66,-0.92,SON_PLATFORM
CHG_00048,2026-08-05 18:03:00,CELL_007_3,SITE_007,handover_margin_db,15.07,17.62,OSS_AUTOMATION
CHG_00151,2026-08-06 00:29:00,CELL_023_1,SITE_023,max_connected_users,10.87,10.84,RAN_ENGINEER
CHG_00102,2026-08-06 02:40:00,CELL_014_3,SITE_014,tx_power_dbm,14.9,17.3,OSS_AUTOMATION
CHG_00030,2026-08-06 04:42:00,CELL_005_2,SITE_005,handover_margin_db,10.45,12.25,OSS_AUTOMATION
CHG_00034,2026-08-06 11:53:00,CELL_005_3,SITE_005,handover_margin_db,6.2,7.75,OSS_AUTOMATION
CHG_00032,2026-08-06 11:56:00,CELL_005_3,SITE_005,tx_power_dbm,19.54,20.0,OSS_AUTOMATION
CHG_00219,2026-08-06 13:18:00,CELL_032_1,SITE_032,qrxlevmin_dbm,11.16,9.58,RAN_ENGINEER
CHG_00159,2026-08-06 14:05:00,CELL_024_2,SITE_024,max_connected_users,5.42,4.97,RAN_ENGINEER
CHG_00039,2026-08-06 18:36:00,CELL_006_3,SITE_006,qrxlevmin_dbm,4.92,5.76,SON_PLATFORM
CHG_00228,2026-08-07 04:38:00,CELL_033_1,SITE_033,qrxlevmin_dbm,1.06,-0.74,RAN_ENGINEER
CHG_00204,2026-08-07 05:01:00,CELL_030_2,SITE_030,tx_power_dbm,1.55,3.29,RAN_ENGINEER
CHG_00131,2026-08-07 05:35:00,CELL_019_2,SITE_019,handover_margin_db,10.85,10.09,RAN_ENGINEER
CHG_00069,2026-08-07 07:24:00,CELL_011_1,SITE_011,max_connected_users,17.61,17.04,RAN_ENGINEER
CHG_00027,2026-08-07 10:39:00,CELL_004_3,SITE_004,qrxlevmin_dbm,10.29,7.4,SON_PLATFORM
CHG_00138,2026-08-07 11:29:00,CELL_020_3,SITE_020,cell_reselection_offset_db,14.07,12.91,OSS_AUTOMATION
CHG_00157,2026-08-07 12:35:00,CELL_024_1,SITE_024,handover_margin_db,8.5,9.67,OSS_AUTOMATION
CHG_00101,2026-08-07 16:39:00,CELL_014_3,SITE_014,qrxlevmin_dbm,16.19,17.56,RAN_ENGINEER
CHG_00093,2026-08-07 18:01:00,CELL_013_2,SITE_013,handover_margin_db,7.71,7.45,OSS_AUTOMATION
CHG_00026,2026-08-07 18:41:00,CELL_004_2,SITE_004,antenna_tilt_deg,15.08,13.48,OSS_AUTOMATION
CHG_00254,2026-08-07 21:13:00,CELL_036_3,SITE_036,max_connected_users,11.56,14.1,SON_PLATFORM
CHG_00225,2026-08-08 07:08:00,CELL_032_3,SITE_032,handover_margin_db,14.27,14.31,RAN_ENGINEER
CHG_00094,2026-08-08 07:37:00,CELL_013_2,SITE_013,antenna_tilt_deg,14.52,13.23,OSS_AUTOMATION
CHG_00125,2026-08-08 09:52:00,CELL_018_2,SITE_018,tx_power_dbm,12.05,9.93,RAN_ENGINEER
CHG_00126,2026-08-08 10:22:00,CELL_018_3,SITE_018,tx_power_dbm,2.0,1.17,SON_PLATFORM
CHG_00181,2026-08-08 17:26:00,CELL_027_3,SITE_027,tx_power_dbm,1.37,0.33,RAN_ENGINEER
CHG_00237,2026-08-08 17:49:00,CELL_034_1,SITE_034,tx_power_dbm,19.0,16.7,SON_PLATFORM
CHG_00046,2026-08-09 00:35:00,CELL_007_2,SITE_007,max_connected_users,4.04,6.58,OSS_AUTOMATION
CHG_00171,2026-08-09 01:11:00,CELL_026_2,SITE_026,handover_margin_db,11.58,13.74,RAN_ENGINEER
CHG_00007,2026-08-09 02:54:00,CELL_001_3,SITE_001,max_connected_users,13.26,10.91,SON_PLATFORM
CHG_00286,2026-08-09 06:30:00,CELL_026_1,SITE_026,handover_margin_db,3.0,8.0,RAN_ENGINEER
CHG_00284,2026-08-09 07:30:00,CELL_011_2,SITE_011,handover_margin_db,3.0,8.0,RAN_ENGINEER
CHG_00128,2026-08-09 08:09:00,CELL_019_1,SITE_019,qrxlevmin_dbm,15.53,16.12,OSS_AUTOMATION
CHG_00002,2026-08-09 09:15:00,CELL_001_1,SITE_001,qrxlevmin_dbm,5.81,5.61,OSS_AUTOMATION
CHG_00117,2026-08-09 11:10:00,CELL_017_1,SITE_017,cell_reselection_offset_db,16.81,15.55,RAN_ENGINEER
CHG_00195,2026-08-09 11:45:00,CELL_029_1,SITE_029,antenna_tilt_deg,11.96,10.24,SON_PLATFORM
CHG_00255,2026-08-09 14:21:00,CELL_037_1,SITE_037,handover_margin_db,3.82,2.2,OSS_AUTOMATION
CHG_00241,2026-08-09 14:50:00,CELL_034_2,SITE_034,qrxlevmin_dbm,8.95,8.4,OSS_AUTOMATION
CHG_00021,2026-08-09 18:54:00,CELL_004_1,SITE_004,handover_margin_db,1.48,4.46,OSS_AUTOMATION
CHG_00045,2026-08-09 19:35:00,CELL_007_2,SITE_007,handover_margin_db,3.14,1.04,RAN_ENGINEER
CHG_00055,2026-08-09 20:04:00,CELL_008_3,SITE_008,qrxlevmin_dbm,13.01,15.86,OSS_AUTOMATION
CHG_00143,2026-08-10 02:28:00,CELL_022_1,SITE_022,antenna_tilt_deg,4.51,3.62,OSS_AUTOMATION
CHG_00167,2026-08-10 04:33:00,CELL_026_1,SITE_026,max_connected_users,6.58,6.57,SON_PLATFORM
CHG_00031,2026-08-10 05:20:00,CELL_005_2,SITE_005,handover_margin_db,9.1,10.97,SON_PLATFORM
CHG_00185,2026-08-10 08:54:00,CELL_028_1,SITE_028,qrxlevmin_dbm,7.38,7.4,SON_PLATFORM
CHG_00113,2026-08-10 10:57:00,CELL_016_3,SITE_016,cell_reselection_offset_db,6.76,9.69,SON_PLATFORM
CHG_00078,2026-08-10 13:09:00,CELL_011_3,SITE_011,antenna_tilt_deg,15.31,16.88,RAN_ENGINEER
CHG_00033,2026-08-10 16:54:00,CELL_005_3,SITE_005,tx_power_dbm,15.52,16.08,RAN_ENGINEER
CHG_00060,2026-08-10 20:24:00,CELL_009_2,SITE_009,max_connected_users,12.24,14.26,RAN_ENGINEER
CHG_00146,2026-08-10 21:01:00,CELL_022_2,SITE_022,antenna_tilt_deg,14.6,17.39,OSS_AUTOMATION
CHG_00044,2026-08-10 23:30:00,CELL_007_1,SITE_007,antenna_tilt_deg,9.82,10.58,OSS_AUTOMATION
CHG_00133,2026-08-11 01:30:00,CELL_019_3,SITE_019,antenna_tilt_deg,16.8,18.57,SON_PLATFORM
CHG_00105,2026-08-11 02:38:00,CELL_015_2,SITE_015,antenna_tilt_deg,15.84,17.44,OSS_AUTOMATION
CHG_00062,2026-08-11 02:55:00,CELL_010_1,SITE_010,antenna_tilt_deg,17.94,18.49,OSS_AUTOMATION
CHG_00234,2026-08-11 05:11:00,CELL_033_2,SITE_033,antenna_tilt_deg,1.39,-1.47,SON_PLATFORM
CHG_00014,2026-08-11 06:41:00,CELL_002_3,SITE_002,antenna_tilt_deg,1.06,3.78,RAN_ENGINEER
CHG_00282,2026-08-11 12:30:00,CELL_031_2,SITE_031,handover_margin_db,3.0,8.0,RAN_ENGINEER
CHG_00246,2026-08-11 16:30:00,CELL_035_2,SITE_035,tx_power_dbm,9.95,9.08,SON_PLATFORM
CHG_00209,2026-08-11 17:49:00,CELL_030_3,SITE_030,cell_reselection_offset_db,3.13,4.54,OSS_AUTOMATION
CHG_00095,2026-08-11 19:51:00,CELL_013_3,SITE_013,cell_reselection_offset_db,3.22,6.18,SON_PLATFORM
CHG_00077,2026-08-11 20:39:00,CELL_011_3,SITE_011,tx_power_dbm,11.25,12.14,SON_PLATFORM
CHG_00198,2026-08-11 22:33:00,CELL_029_2,SITE_029,cell_reselection_offset_db,3.86,4.97,RAN_ENGINEER
CHG_00202,2026-08-12 04:14:00,CELL_030_1,SITE_030,handover_margin_db,16.14,15.0,RAN_ENGINEER
CHG_00247,2026-08-12 13:03:00,CELL_035_3,SITE_035,handover_margin_db,10.59,9.88,RAN_ENGINEER
CHG_00092,2026-08-12 19:59:00,CELL_013_2,SITE_013,cell_reselection_offset_db,5.31,4.54,RAN_ENGINEER
CHG_00256,2026-08-12 20:14:00,CELL_037_1,SITE_037,max_connected_users,4.11,3.91,OSS_AUTOMATION
CHG_00242,2026-08-12 21:57:00,CELL_034_3,SITE_034,tx_power_dbm,5.47,5.18,OSS_AUTOMATION
CHG_00200,2026-08-13 03:33:00,CELL_029_3,SITE_029,max_connected_users,16.65,17.53,RAN_ENGINEER
CHG_00122,2026-08-13 14:47:00,CELL_018_1,SITE_018,handover_margin_db,10.37,13.19,SON_PLATFORM
CHG_00144,2026-08-13 14:58:00,CELL_022_1,SITE_022,cell_reselection_offset_db,19.03,18.12,OSS_AUTOMATION
CHG_00252,2026-08-13 21:01:00,CELL_036_3,SITE_036,max_connected_users,18.15,16.73,RAN_ENGINEER
CHG_00176,2026-08-13 22:40:00,CELL_027_1,SITE_027,tx_power_dbm,7.09,4.26,OSS_AUTOMATION
CHG_00188,2026-08-14 01:52:00,CELL_028_2,SITE_028,cell_reselection_offset_db,6.04,4.82,SON_PLATFORM
CHG_00239,2026-08-14 02:31:00,CELL_034_2,SITE_034,tx_power_dbm,15.18,14.47,RAN_ENGINEER
CHG_00058,2026-08-14 10:23:00,CELL_009_1,SITE_009,cell_reselection_offset_db,12.47,14.21,SON_PLATFORM
CHG_00100,2026-08-14 10:49:00,CELL_014_3,SITE_014,qrxlevmin_dbm,10.0,8.74,SON_PLATFORM
CHG_00279,2026-08-14 16:07:00,CELL_040_3,SITE_040,cell_reselection_offset_db,16.99,17.13,RAN_ENGINEER
CHG_00042,2026-08-14 16:59:00,CELL_006_3,SITE_006,qrxlevmin_dbm,7.61,4.64,OSS_AUTOMATION
CHG_00098,2026-08-14 17:23:00,CELL_014_2,SITE_014,antenna_tilt_deg,3.31,0.46,RAN_ENGINEER
CHG_00142,2026-08-14 17:28:00,CELL_021_3,SITE_021,handover_margin_db,13.68,15.21,OSS_AUTOMATION
CHG_00091,2026-08-14 20:08:00,CELL_013_2,SITE_013,max_connected_users,11.78,14.17,RAN_ENGINEER
CHG_00137,2026-08-14 20:47:00,CELL_020_3,SITE_020,cell_reselection_offset_db,1.55,3.44,OSS_AUTOMATION
CHG_00253,2026-08-15 05:53:00,CELL_036_3,SITE_036,antenna_tilt_deg,9.28,7.27,SON_PLATFORM
CHG_00097,2026-08-15 10:11:00,CELL_014_1,SITE_014,qrxlevmin_dbm,19.58,17.47,RAN_ENGINEER
CHG_00250,2026-08-15 10:35:00,CELL_036_1,SITE_036,handover_margin_db,14.49,14.09,RAN_ENGINEER
CHG_00231,2026-08-15 12:52:00,CELL_033_1,SITE_033,max_connected_users,9.58,11.82,OSS_AUTOMATION
CHG_00184,2026-08-15 16:10:00,CELL_028_1,SITE_028,max_connected_users,11.88,13.73,OSS_AUTOMATION
CHG_00129,2026-08-15 16:22:00,CELL_019_1,SITE_019,antenna_tilt_deg,17.58,19.54,SON_PLATFORM
CHG_00268,2026-08-15 16:59:00,CELL_038_3,SITE_038,tx_power_dbm,16.16,17.62,SON_PLATFORM
CHG_00004,2026-08-15 17:14:00,CELL_001_1,SITE_001,qrxlevmin_dbm,5.89,7.57,RAN_ENGINEER
CHG_00051,2026-08-15 19:44:00,CELL_007_3,SITE_007,qrxlevmin_dbm,5.37,3.03,OSS_AUTOMATION
CHG_00104,2026-08-15 20:28:00,CELL_015_2,SITE_015,handover_margin_db,2.05,2.9,SON_PLATFORM
CHG_00012,2026-08-16 00:15:00,CELL_002_2,SITE_002,qrxlevmin_dbm,18.19,18.64,SON_PLATFORM
CHG_00089,2026-08-16 06:52:00,CELL_013_1,SITE_013,qrxlevmin_dbm,8.82,7.88,SON_PLATFORM
CHG_00024,2026-08-16 08:52:00,CELL_004_2,SITE_004,handover_margin_db,15.97,13.23,OSS_AUTOMATION
CHG_00132,2026-08-16 11:42:00,CELL_019_2,SITE_019,max_connected_users,18.5,16.48,OSS_AUTOMATION
CHG_00080,2026-08-16 17:04:00,CELL_012_1,SITE_012,tx_power_dbm,9.6,9.61,OSS_AUTOMATION
CHG_00136,2026-08-16 20:20:00,CELL_020_2,SITE_020,max_connected_users,6.92,6.1,RAN_ENGINEER
CHG_00149,2026-08-17 03:33:00,CELL_023_1,SITE_023,cell_reselection_offset_db,19.64,19.18,SON_PLATFORM
CHG_00161,2026-08-17 04:57:00,CELL_024_3,SITE_024,max_connected_users,10.04,10.66,RAN_ENGINEER
CHG_00290,2026-08-17 09:30:00,CELL_029_2,SITE_029,handover_margin_db,3.0,8.0,RAN_ENGINEER
CHG_00108,2026-08-17 10:22:00,CELL_016_1,SITE_016,qrxlevmin_dbm,8.55,9.85,RAN_ENGINEER
CHG_00123,2026-08-17 11:08:00,CELL_018_1,SITE_018,qrxlevmin_dbm,12.04,12.43,RAN_ENGINEER
CHG_00130,2026-08-17 11:58:00,CELL_019_2,SITE_019,tx_power_dbm,2.82,3.3,OSS_AUTOMATION
CHG_00158,2026-08-17 13:16:00,CELL_024_2,SITE_024,handover_margin_db,19.53,18.56,SON_PLATFORM
CHG_00074,2026-08-17 13:34:00,CELL_011_2,SITE_011,antenna_tilt_deg,17.87,15.54,RAN_ENGINEER
CHG_00047,2026-08-17 13:47:00,CELL_007_2,SITE_007,qrxlevmin_dbm,6.42,6.03,RAN_ENGINEER
CHG_00177,2026-08-17 16:13:00,CELL_027_1,SITE_027,cell_reselection_offset_db,7.63,9.08,OSS_AUTOMATION
CHG_00216,2026-08-17 17:40:00,CELL_031_3,SITE_031,max_connected_users,16.61,13.74,SON_PLATFORM
CHG_00082,2026-08-17 18:06:00,CELL_012_2,SITE_012,antenna_tilt_deg,16.2,18.87,OSS_AUTOMATION
CHG_00275,2026-08-17 18:12:00,CELL_039_3,SITE_039,max_connected_users,12.66,12.26,RAN_ENGINEER
CHG_00035,2026-08-17 20:03:00,CELL_005_3,SITE_005,qrxlevmin_dbm,11.51,11.14,SON_PLATFORM
CHG_00109,2026-08-17 23:13:00,CELL_016_2,SITE_016,max_connected_users,1.23,0.3,RAN_ENGINEER
CHG_00263,2026-08-18 00:01:00,CELL_038_1,SITE_038,max_connected_users,12.22,14.93,RAN_ENGINEER
CHG_00214,2026-08-18 01:16:00,CELL_031_2,SITE_031,antenna_tilt_deg,14.29,11.97,SON_PLATFORM
CHG_00289,2026-08-18 09:30:00,CELL_004_1,SITE_004,handover_margin_db,3.0,8.0,RAN_ENGINEER
CHG_00071,2026-08-18 12:23:00,CELL_011_1,SITE_011,handover_margin_db,17.98,16.98,OSS_AUTOMATION
CHG_00283,2026-08-18 13:30:00,CELL_019_3,SITE_019,handover_margin_db,3.0,8.0,RAN_ENGINEER
CHG_00274,2026-08-18 15:53:00,CELL_039_2,SITE_039,max_connected_users,10.05,10.43,RAN_ENGINEER
CHG_00005,2026-08-18 16:26:00,CELL_001_2,SITE_001,max_connected_users,7.32,4.68,RAN_ENGINEER
CHG_00022,2026-08-18 16:38:00,CELL_004_1,SITE_004,max_connected_users,2.2,2.44,RAN_ENGINEER
CHG_00019,2026-08-18 18:05:00,CELL_003_3,SITE_003,tx_power_dbm,18.03,18.81,RAN_ENGINEER
CHG_00107,2026-08-18 22:48:00,CELL_015_3,SITE_015,antenna_tilt_deg,4.69,3.6,SON_PLATFORM
CHG_00244,2026-08-19 02:14:00,CELL_035_1,SITE_035,tx_power_dbm,14.05,15.33,SON_PLATFORM
CHG_00269,2026-08-19 03:39:00,CELL_039_1,SITE_039,handover_margin_db,5.85,4.29,RAN_ENGINEER
CHG_00236,2026-08-19 06:02:00,CELL_033_3,SITE_033,handover_margin_db,12.74,13.34,OSS_AUTOMATION
CHG_00066,2026-08-19 12:08:00,CELL_010_2,SITE_010,qrxlevmin_dbm,19.05,16.85,RAN_ENGINEER
CHG_00150,2026-08-19 13:11:00,CELL_023_1,SITE_023,cell_reselection_offset_db,3.14,6.05,OSS_AUTOMATION
CHG_00213,2026-08-19 14:03:00,CELL_031_2,SITE_031,max_connected_users,5.83,6.37,RAN_ENGINEER
CHG_00199,2026-08-19 16:06:00,CELL_029_2,SITE_029,max_connected_users,7.05,9.03,OSS_AUTOMATION
CHG_00040,2026-08-19 18:02:00,CELL_006_3,SITE_006,max_connected_users,5.55,3.6,SON_PLATFORM
CHG_00281,2026-08-19 18:30:00,CELL_010_1,SITE_010,handover_margin_db,3.0,8.0,RAN_ENGINEER
CHG_00052,2026-08-19 18:39:00,CELL_008_1,SITE_008,cell_reselection_offset_db,17.53,16.78,OSS_AUTOMATION
CHG_00224,2026-08-19 19:03:00,CELL_032_3,SITE_032,qrxlevmin_dbm,18.6,17.6,RAN_ENGINEER
CHG_00112,2026-08-19 20:24:00,CELL_016_3,SITE_016,qrxlevmin_dbm,3.65,4.17,OSS_AUTOMATION
CHG_00193,2026-08-19 20:32:00,CELL_029_1,SITE_029,cell_reselection_offset_db,8.64,9.39,RAN_ENGINEER
CHG_00233,2026-08-19 20:44:00,CELL_033_2,SITE_033,handover_margin_db,7.98,7.34,RAN_ENGINEER
CHG_00111,2026-08-19 21:57:00,CELL_016_2,SITE_016,qrxlevmin_dbm,16.27,15.0,SON_PLATFORM
CHG_00086,2026-08-19 22:58:00,CELL_012_3,SITE_012,tx_power_dbm,19.42,19.67,OSS_AUTOMATION
CHG_00087,2026-08-20 02:53:00,CELL_013_1,SITE_013,tx_power_dbm,9.43,10.3,RAN_ENGINEER
CHG_00212,2026-08-20 05:53:00,CELL_031_1,SITE_031,cell_reselection_offset_db,5.14,2.78,OSS_AUTOMATION
CHG_00072,2026-08-20 09:11:00,CELL_011_1,SITE_011,tx_power_dbm,15.3,16.49,SON_PLATFORM
CHG_00191,2026-08-20 10:30:00,CELL_028_3,SITE_028,max_connected_users,4.99,6.76,SON_PLATFORM
CHG_00061,2026-08-20 11:36:00,CELL_009_3,SITE_009,qrxlevmin_dbm,14.99,13.47,RAN_ENGINEER
CHG_00172,2026-08-20 14:25:00,CELL_026_3,SITE_026,max_connected_users,3.56,4.85,RAN_ENGINEER
CHG_00285,2026-08-20 14:30:00,CELL_001_3,SITE_001,handover_margin_db,3.0,8.0,RAN_ENGINEER
CHG_00203,2026-08-20 20:22:00,CELL_030_1,SITE_030,antenna_tilt_deg,9.02,11.45,OSS_AUTOMATION
CHG_00278,2026-08-20 21:42:00,CELL_040_2,SITE_040,max_connected_users,2.5,4.31,RAN_ENGINEER
CHG_00222,2026-08-20 23:20:00,CELL_032_2,SITE_032,cell_reselection_offset_db,13.0,15.28,SON_PLATFORM
CHG_00096,2026-08-21 01:34:00,CELL_013_3,SITE_013,cell_reselection_offset_db,5.95,4.06,SON_PLATFORM
CHG_00050,2026-08-21 05:51:00,CELL_007_3,SITE_007,qrxlevmin_dbm,12.26,11.22,OSS_AUTOMATION
CHG_00010,2026-08-21 07:01:00,CELL_002_1,SITE_002,tx_power_dbm,1.36,1.35,SON_PLATFORM
CHG_00023,2026-08-21 10:45:00,CELL_004_2,SITE_004,antenna_tilt_deg,19.36,16.46,RAN_ENGINEER
CHG_00170,2026-08-21 11:38:00,CELL_026_1,SITE_026,max_connected_users,6.98,6.24,RAN_ENGINEER
CHG_00003,2026-08-21 15:16:00,CELL_001_1,SITE_001,qrxlevmin_dbm,18.53,17.19,RAN_ENGINEER
CHG_00054,2026-08-21 16:58:00,CELL_008_3,SITE_008,antenna_tilt_deg,4.38,3.62,RAN_ENGINEER
CHG_00029,2026-08-21 18:16:00,CELL_005_2,SITE_005,handover_margin_db,12.61,14.62,OSS_AUTOMATION
CHG_00153,2026-08-21 19:06:00,CELL_023_2,SITE_023,tx_power_dbm,12.41,11.28,RAN_ENGINEER
CHG_00258,2026-08-21 19:59:00,CELL_037_1,SITE_037,max_connected_users,10.37,12.45,OSS_AUTOMATION
CHG_00083,2026-08-21 20:07:00,CELL_012_2,SITE_012,cell_reselection_offset_db,2.66,2.0,OSS_AUTOMATION
CHG_00099,2026-08-21 20:18:00,CELL_014_2,SITE_014,cell_reselection_offset_db,18.63,16.57,SON_PLATFORM
CHG_00068,2026-08-21 21:39:00,CELL_010_3,SITE_010,qrxlevmin_dbm,17.3,18.78,OSS_AUTOMATION
CHG_00135,2026-08-21 22:58:00,CELL_020_1,SITE_020,max_connected_users,18.4,16.1,OSS_AUTOMATION
CHG_00116,2026-08-22 00:45:00,CELL_017_1,SITE_017,antenna_tilt_deg,14.49,16.02,OSS_AUTOMATION
CHG_00235,2026-08-22 01:05:00,CELL_033_3,SITE_033,handover_margin_db,4.77,5.98,OSS_AUTOMATION
CHG_00070,2026-08-22 03:08:00,CELL_011_1,SITE_011,qrxlevmin_dbm,14.37,11.38,SON_PLATFORM
CHG_00057,2026-08-22 04:29:00,CELL_009_1,SITE_009,handover_margin_db,9.71,7.74,RAN_ENGINEER
CHG_00287,2026-08-22 06:30:00,CELL_031_1,SITE_031,handover_margin_db,3.0,8.0,RAN_ENGINEER
CHG_00120,2026-08-22 12:08:00,CELL_017_3,SITE_017,qrxlevmin_dbm,3.36,4.36,RAN_ENGINEER
CHG_00215,2026-08-22 14:40:00,CELL_031_2,SITE_031,max_connected_users,13.97,16.75,OSS_AUTOMATION
CHG_00155,2026-08-22 15:33:00,CELL_023_3,SITE_023,handover_margin_db,18.84,18.04,OSS_AUTOMATION
CHG_00124,2026-08-22 15:57:00,CELL_018_1,SITE_018,qrxlevmin_dbm,19.51,21.42,RAN_ENGINEER
CHG_00140,2026-08-23 00:56:00,CELL_021_1,SITE_021,handover_margin_db,15.39,12.65,OSS_AUTOMATION
CHG_00090,2026-08-23 03:00:00,CELL_013_1,SITE_013,tx_power_dbm,12.27,13.45,SON_PLATFORM
CHG_00037,2026-08-23 03:53:00,CELL_006_2,SITE_006,handover_margin_db,2.53,-0.43,OSS_AUTOMATION
CHG_00163,2026-08-23 06:29:00,CELL_025_1,SITE_025,tx_power_dbm,10.45,11.22,OSS_AUTOMATION
CHG_00013,2026-08-23 07:57:00,CELL_002_2,SITE_002,qrxlevmin_dbm,10.08,9.5,SON_PLATFORM
CHG_00272,2026-08-23 08:08:00,CELL_039_1,SITE_039,tx_power_dbm,16.22,17.64,RAN_ENGINEER
CHG_00156,2026-08-23 09:00:00,CELL_023_3,SITE_023,qrxlevmin_dbm,13.77,13.15,SON_PLATFORM
CHG_00121,2026-08-23 09:16:00,CELL_018_1,SITE_018,cell_reselection_offset_db,18.23,19.1,OSS_AUTOMATION
CHG_00249,2026-08-23 10:18:00,CELL_036_1,SITE_036,antenna_tilt_deg,18.68,20.95,OSS_AUTOMATION
CHG_00238,2026-08-23 11:44:00,CELL_034_2,SITE_034,max_connected_users,3.25,4.53,OSS_AUTOMATION
CHG_00175,2026-08-23 12:20:00,CELL_027_1,SITE_027,tx_power_dbm,12.23,11.5,SON_PLATFORM
CHG_00085,2026-08-23 14:07:00,CELL_012_2,SITE_012,cell_reselection_offset_db,3.86,2.09,SON_PLATFORM
CHG_00079,2026-08-23 22:01:00,CELL_012_1,SITE_012,tx_power_dbm,13.92,12.58,OSS_AUTOMATION
CHG_00064,2026-08-23 22:44:00,CELL_010_1,SITE_010,qrxlevmin_dbm,1.64,1.83,RAN_ENGINEER
CHG_00192,2026-08-23 23:12:00,CELL_028_3,SITE_028,tx_power_dbm,16.28,15.88,SON_PLATFORM
CHG_00162,2026-08-24 06:36:00,CELL_024_3,SITE_024,max_connected_users,6.3,7.91,OSS_AUTOMATION
CHG_00276,2026-08-24 08:42:00,CELL_040_1,SITE_040,handover_margin_db,7.49,7.27,OSS_AUTOMATION
CHG_00141,2026-08-24 08:51:00,CELL_021_2,SITE_021,qrxlevmin_dbm,12.27,12.08,RAN_ENGINEER
CHG_00182,2026-08-24 10:15:00,CELL_028_1,SITE_028,antenna_tilt_deg,18.13,16.73,SON_PLATFORM
CHG_00134,2026-08-24 22:09:00,CELL_019_3,SITE_019,antenna_tilt_deg,17.08,18.36,SON_PLATFORM
CHG_00277,2026-08-24 23:55:00,CELL_040_2,SITE_040,max_connected_users,12.96,13.11,RAN_ENGINEER
CHG_00043,2026-08-25 03:07:00,CELL_007_1,SITE_007,handover_margin_db,19.56,20.27,SON_PLATFORM
CHG_00081,2026-08-25 04:58:00,CELL_012_1,SITE_012,max_connected_users,13.89,14.09,RAN_ENGINEER
CHG_00017,2026-08-25 07:57:00,CELL_003_2,SITE_003,tx_power_dbm,17.21,16.25,RAN_ENGINEER
CHG_00015,2026-08-25 08:41:00,CELL_003_1,SITE_003,antenna_tilt_deg,18.77,17.92,SON_PLATFORM
CHG_00168,2026-08-25 16:29:00,CELL_026_1,SITE_026,tx_power_dbm,7.53,9.69,SON_PLATFORM
CHG_00194,2026-08-25 22:05:00,CELL_029_1,SITE_029,qrxlevmin_dbm,4.43,1.54,SON_PLATFORM
CHG_00205,2026-08-26 01:31:00,CELL_030_2,SITE_030,qrxlevmin_dbm,4.34,6.46,SON_PLATFORM
CHG_00218,2026-08-26 03:43:00,CELL_031_3,SITE_031,tx_power_dbm,8.31,9.14,SON_PLATFORM
CHG_00059,2026-08-26 03:45:00,CELL_009_2,SITE_009,antenna_tilt_deg,17.25,14.77,SON_PLATFORM
CHG_00154,2026-08-26 05:01:00,CELL_023_2,SITE_023,cell_reselection_offset_db,8.74,11.65,RAN_ENGINEER
CHG_00248,2026-08-26 11:11:00,CELL_036_1,SITE_036,cell_reselection_offset_db,1.78,-0.14,OSS_AUTOMATION
CHG_00110,2026-08-26 12:47:00,CELL_016_2,SITE_016,max_connected_users,2.66,4.03,RAN_ENGINEER
CHG_00174,2026-08-26 14:07:00,CELL_027_1,SITE_027,max_connected_users,17.23,17.27,RAN_ENGINEER
CHG_00173,2026-08-26 21:20:00,CELL_026_3,SITE_026,handover_margin_db,13.83,14.79,SON_PLATFORM
CHG_00267,2026-08-26 21:40:00,CELL_038_3,SITE_038,qrxlevmin_dbm,3.46,5.64,SON_PLATFORM
CHG_00145,2026-08-26 22:50:00,CELL_022_2,SITE_022,antenna_tilt_deg,2.3,4.22,OSS_AUTOMATION
CHG_00261,2026-08-26 23:27:00,CELL_037_3,SITE_037,antenna_tilt_deg,4.43,6.95,OSS_AUTOMATION
CHG_00229,2026-08-27 04:56:00,CELL_033_1,SITE_033,tx_power_dbm,2.56,0.51,SON_PLATFORM
CHG_00160,2026-08-27 11:36:00,CELL_024_3,SITE_024,qrxlevmin_dbm,12.28,13.82,SON_PLATFORM
CHG_00211,2026-08-27 14:14:00,CELL_031_1,SITE_031,tx_power_dbm,15.01,16.85,SON_PLATFORM
CHG_00053,2026-08-27 15:04:00,CELL_008_2,SITE_008,max_connected_users,10.2,12.54,OSS_AUTOMATION
CHG_00118,2026-08-27 15:12:00,CELL_017_2,SITE_017,tx_power_dbm,6.77,7.13,RAN_ENGINEER
CHG_00260,2026-08-27 15:42:00,CELL_037_3,SITE_037,antenna_tilt_deg,5.04,8.03,OSS_AUTOMATION
CHG_00183,2026-08-27 18:14:00,CELL_028_1,SITE_028,max_connected_users,1.42,0.32,SON_PLATFORM
CHG_00148,2026-08-27 19:45:00,CELL_023_1,SITE_023,tx_power_dbm,4.52,5.56,OSS_AUTOMATION
CHG_00190,2026-08-27 22:28:00,CELL_028_3,SITE_028,handover_margin_db,7.4,4.8,SON_PLATFORM
CHG_00180,2026-08-27 23:12:00,CELL_027_2,SITE_027,tx_power_dbm,2.61,3.74,RAN_ENGINEER
CHG_00232,2026-08-27 23:44:00,CELL_033_2,SITE_033,cell_reselection_offset_db,16.71,18.51,OSS_AUTOMATION
CHG_00041,2026-08-28 03:17:00,CELL_006_3,SITE_006,handover_margin_db,4.42,4.42,OSS_AUTOMATION
CHG_00245,2026-08-28 04:17:00,CELL_035_1,SITE_035,max_connected_users,5.87,3.44,OSS_AUTOMATION
CHG_00240,2026-08-28 07:27:00,CELL_034_2,SITE_034,cell_reselection_offset_db,5.1,7.04,SON_PLATFORM
CHG_00201,2026-08-28 08:42:00,CELL_029_3,SITE_029,qrxlevmin_dbm,5.49,3.92,OSS_AUTOMATION
CHG_00226,2026-08-28 09:40:00,CELL_032_3,SITE_032,max_connected_users,14.86,15.15,RAN_ENGINEER
CHG_00165,2026-08-28 12:22:00,CELL_025_3,SITE_025,max_connected_users,13.9,11.82,SON_PLATFORM
CHG_00008,2026-08-28 22:36:00,CELL_002_1,SITE_002,cell_reselection_offset_db,13.22,15.7,SON_PLATFORM
CHG_00186,2026-08-28 23:33:00,CELL_028_2,SITE_028,cell_reselection_offset_db,6.69,9.51,OSS_AUTOMATION
CHG_00189,2026-08-29 10:11:00,CELL_028_3,SITE_028,cell_reselection_offset_db,15.11,12.66,SON_PLATFORM
CHG_00197,2026-08-29 12:35:00,CELL_029_2,SITE_029,antenna_tilt_deg,2.14,0.34,RAN_ENGINEER
CHG_00265,2026-08-29 14:19:00,CELL_038_2,SITE_038,max_connected_users,19.15,19.72,OSS_AUTOMATION
CHG_00187,2026-08-29 22:04:00,CELL_028_2,SITE_028,max_connected_users,17.1,18.82,SON_PLATFORM
CHG_00196,2026-08-30 00:47:00,CELL_029_2,SITE_029,tx_power_dbm,11.12,11.81,RAN_ENGINEER
CHG_00271,2026-08-30 10:52:00,CELL_039_1,SITE_039,tx_power_dbm,15.3,16.22,OSS_AUTOMATION
CHG_00243,2026-08-30 10:57:00,CELL_035_1,SITE_035,antenna_tilt_deg,9.71,6.77,OSS_AUTOMATION
CHG_00018,2026-08-30 11:33:00,CELL_003_2,SITE_003,tx_power_dbm,4.86,5.19,RAN_ENGINEER
CHG_00001,2026-08-30 11:41:00,CELL_001_1,SITE_001,qrxlevmin_dbm,11.76,14.56,OSS_AUTOMATION
CHG_00028,2026-08-30 12:38:00,CELL_005_1,SITE_005,cell_reselection_offset_db,3.48,1.51,OSS_AUTOMATION
CHG_00230,2026-08-30 13:04:00,CELL_033_1,SITE_033,qrxlevmin_dbm,15.5,17.58,SON_PLATFORM
CHG_00038,2026-08-30 15:53:00,CELL_006_2,SITE_006,qrxlevmin_dbm,12.28,10.98,SON_PLATFORM
CHG_00025,2026-08-30 18:10:00,CELL_004_2,SITE_004,cell_reselection_offset_db,13.68,13.43,SON_PLATFORM
CHG_00266,2026-08-30 20:42:00,CELL_038_3,SITE_038,handover_margin_db,12.82,12.54,SON_PLATFORM
CHG_00208,2026-08-30 22:05:00,CELL_030_3,SITE_030,qrxlevmin_dbm,17.83,17.21,SON_PLATFORM
